Año,Trimestre,Provincia,Banda ancha fija,Dial up,indice
2022,4,Buenos Aires,5,6.0,0
2022,4,Capital Federal,2,2.0,1
2022,4,Catamarca,71,1.0,2
2022,4,Chaco,144,5.0,3
2022,4,Chubut,168,904.0,4
2022,4,Córdoba,1,68.0,5
2022,4,Corrientes,155,4.0,6
2022,4,Entre Ríos,271,22.0,7
2022,4,Formosa,62,0.0,8
2022,4,Jujuy,118,0.0,9
2022,4,La Pampa,114,171.0,10
2022,4,La Rioja,86,4.0,11
2022,4,Mendoza,291,777.0,12
2022,4,Misiones,186,0.0,13
2022,4,Neuquén,160,468.0,14
2022,4,Río Negro,162,548.0,15
2022,4,Salta,206,5.0,16
2022,4,San Juan,104,281.0,17
2022,4,San Luis,135,192.0,18
2022,4,Santa Cruz,50,198.0,19
2022,4,Santa Fe,888,110.0,20
2022,4,Santiago Del Estero,119,2.0,21
2022,4,Tierra Del Fuego,55,312.0,22
2022,4,Tucumán,263,30.0,23
2022,3,Buenos Aires,5,6.0,24
2022,3,Capital Federal,2,2.0,25
2022,3,Catamarca,70,1.0,26
2022,3,Chaco,144,5.0,27
2022,3,Chubut,165,904.0,28
2022,3,Córdoba,1,68.0,29
2022,3,Corrientes,145,4.0,30
2022,3,Entre Ríos,269,22.0,31
2022,3,Formosa,69,1.0,32
2022,3,Jujuy,119,0.0,33
2022,3,La Pampa,116,171.0,34
2022,3,La Rioja,87,4.0,35
2022,3,Mendoza,289,777.0,36
2022,3,Misiones,182,0.0,37
2022,3,Neuquén,163,468.0,38
2022,3,Río Negro,160,548.0,39
2022,3,Salta,205,5.0,40
2022,3,San Juan,103,281.0,41
2022,3,San Luis,122,182.0,42
2022,3,Santa Cruz,49,198.0,43
2022,3,Santa Fe,888,110.0,44
2022,3,Santiago Del Estero,119,2.0,45
2022,3,Tierra Del Fuego,54,312.0,46
2022,3,Tucumán,263,30.0,47
2022,2,Buenos Aires,5,6.0,48
2022,2,Capital Federal,2,2.0,49
2022,2,Catamarca,67,1.0,50
2022,2,Chaco,144,5.0,51
2022,2,Chubut,162,904.0,52
2022,2,Córdoba,1,68.0,53
2022,2,Corrientes,145,4.0,54
2022,2,Entre Ríos,269,22.0,55
2022,2,Formosa,68,0.0,56
2022,2,Jujuy,115,0.0,57
2022,2,La Pampa,111,171.0,58
2022,2,La Rioja,86,4.0,59
2022,2,Mendoza,279,777.0,60
2022,2,Misiones,179,0.0,61
2022,2,Neuquén,162,468.0,62
2022,2,Río Negro,159,548.0,63
2022,2,Salta,203,5.0,64
2022,2,San Juan,100,281.0,65
2022,2,San Luis,122,182.0,66
2022,2,Santa Cruz,49,198.0,67
2022,2,Santa Fe,879,110.0,68
2022,2,Santiago Del Estero,118,2.0,69
2022,2,Tierra Del Fuego,53,312.0,70
2022,2,Tucumán,254,30.0,71
2022,1,Buenos Aires,5,6.0,72
2022,1,Capital Federal,1,2.0,73
2022,1,Catamarca,62,1.0,74
2022,1,Chaco,144,5.0,75
2022,1,Chubut,171,927.0,76
2022,1,Córdoba,1,74.0,77
2022,1,Corrientes,143,4.0,78
2022,1,Entre Ríos,268,22.0,79
2022,1,Formosa,55,0.0,80
2022,1,Jujuy,117,0.0,81
2022,1,La Pampa,110,172.0,82
2022,1,La Rioja,84,4.0,83
2022,1,Mendoza,274,786.0,84
2022,1,Misiones,172,0.0,85
2022,1,Neuquén,149,471.0,86
2022,1,Río Negro,157,553.0,87
2022,1,Salta,198,5.0,88
2022,1,San Juan,88,290.0,89
2022,1,San Luis,120,185.0,90
2022,1,Santa Cruz,49,204.0,91
2022,1,Santa Fe,870,115.0,92
2022,1,Santiago Del Estero,116,2.0,93
2022,1,Tierra Del Fuego,52,313.0,94
2022,1,Tucumán,246,30.0,95
2021,4,Buenos Aires,5,6.0,96
2021,4,Capital Federal,1,2.0,97
2021,4,Catamarca,59,1.0,98
2021,4,Chaco,144,5.0,99
2021,4,Chubut,159,944.0,100
2021,4,Córdoba,987,77.0,101
2021,4,Corrientes,136,4.0,102
2021,4,Entre Ríos,265,22.0,103
2021,4,Formosa,54,0.0,104
2021,4,Jujuy,114,0.0,105
2021,4,La Pampa,107,173.0,106
2021,4,La Rioja,83,4.0,107
2021,4,Mendoza,267,804.0,108
2021,4,Misiones,171,0.0,109
2021,4,Neuquén,147,477.0,110
2021,4,Río Negro,153,564.0,111
2021,4,Salta,199,6.0,112
2021,4,San Juan,80,291.0,113
2021,4,San Luis,119,187.0,114
2021,4,Santa Cruz,48,210.0,115
2021,4,Santa Fe,866,176.0,116
2021,4,Santiago Del Estero,116,2.0,117
2021,4,Tierra Del Fuego,52,315.0,118
2021,4,Tucumán,239,30.0,119
2021,3,Buenos Aires,4,5.0,120
2021,3,Capital Federal,1,2.0,121
2021,3,Catamarca,56,1.0,122
2021,3,Chaco,140,3.0,123
2021,3,Chubut,155,800.0,124
2021,3,Córdoba,947,62.0,125
2021,3,Corrientes,134,3.0,126
2021,3,Entre Ríos,260,15.0,127
2021,3,Formosa,53,0.0,128
2021,3,Jujuy,111,0.0,129
2021,3,La Pampa,100,116.0,130
2021,3,La Rioja,82,3.0,131
2021,3,Mendoza,255,619.0,132
2021,3,Misiones,159,0.0,133
2021,3,Neuquén,139,373.0,134
2021,3,Río Negro,144,501.0,135
2021,3,Salta,196,2.0,136
2021,3,San Juan,79,256.0,137
2021,3,San Luis,118,148.0,138
2021,3,Santa Cruz,49,197.0,139
2021,3,Santa Fe,841,151.0,140
2021,3,Santiago Del Estero,115,1.0,141
2021,3,Tierra Del Fuego,50,289.0,142
2021,3,Tucumán,232,25.0,143
2021,2,Buenos Aires,4,5.0,144
2021,2,Capital Federal,1,2.0,145
2021,2,Catamarca,56,1.0,146
2021,2,Chaco,141,3.0,147
2021,2,Chubut,138,825.0,148
2021,2,Córdoba,931,62.0,149
2021,2,Corrientes,129,3.0,150
2021,2,Entre Ríos,258,15.0,151
2021,2,Formosa,52,0.0,152
2021,2,Jujuy,112,0.0,153
2021,2,La Pampa,98,116.0,154
2021,2,La Rioja,82,3.0,155
2021,2,Mendoza,229,619.0,156
2021,2,Misiones,156,0.0,157
2021,2,Neuquén,138,373.0,158
2021,2,Río Negro,144,501.0,159
2021,2,Salta,192,2.0,160
2021,2,San Juan,79,256.0,161
2021,2,San Luis,123,148.0,162
2021,2,Santa Cruz,49,197.0,163
2021,2,Santa Fe,840,151.0,164
2021,2,Santiago Del Estero,114,1.0,165
2021,2,Tierra Del Fuego,35,289.0,166
2021,2,Tucumán,233,25.0,167
2021,1,Buenos Aires,4,5.0,168
2021,1,Capital Federal,1,1.0,169
2021,1,Catamarca,52,1.0,170
2021,1,Chaco,140,3.0,171
2021,1,Chubut,132,825.0,172
2021,1,Córdoba,911,55.0,173
2021,1,Corrientes,127,3.0,174
2021,1,Entre Ríos,252,13.0,175
2021,1,Formosa,51,0.0,176
2021,1,Jujuy,110,0.0,177
2021,1,La Pampa,97,116.0,178
2021,1,La Rioja,53,3.0,179
2021,1,Mendoza,218,615.0,180
2021,1,Misiones,149,0.0,181
2021,1,Neuquén,133,373.0,182
2021,1,Río Negro,141,501.0,183
2021,1,Salta,188,2.0,184
2021,1,San Juan,78,256.0,185
2021,1,San Luis,119,148.0,186
2021,1,Santa Cruz,46,197.0,187
2021,1,Santa Fe,826,137.0,188
2021,1,Santiago Del Estero,112,1.0,189
2021,1,Tierra Del Fuego,40,289.0,190
2021,1,Tucumán,232,22.0,191
2020,4,Buenos Aires,4,5.0,192
2020,4,Capital Federal,1,1.0,193
2020,4,Catamarca,52,1.0,194
2020,4,Chaco,139,3.0,195
2020,4,Chubut,130,825.0,196
2020,4,Córdoba,903,55.0,197
2020,4,Corrientes,126,3.0,198
2020,4,Entre Ríos,247,13.0,199
2020,4,Formosa,50,0.0,200
2020,4,Jujuy,106,0.0,201
2020,4,La Pampa,97,116.0,202
2020,4,La Rioja,53,3.0,203
2020,4,Mendoza,215,615.0,204
2020,4,Misiones,147,0.0,205
2020,4,Neuquén,133,373.0,206
2020,4,Río Negro,141,501.0,207
2020,4,Salta,187,2.0,208
2020,4,San Juan,72,256.0,209
2020,4,San Luis,119,148.0,210
2020,4,Santa Cruz,40,197.0,211
2020,4,Santa Fe,821,137.0,212
2020,4,Santiago Del Estero,107,1.0,213
2020,4,Tierra Del Fuego,39,289.0,214
2020,4,Tucumán,231,22.0,215
2020,3,Buenos Aires,4,5.0,216
2020,3,Capital Federal,1,1.0,217
2020,3,Catamarca,50,1.0,218
2020,3,Chaco,134,3.0,219
2020,3,Chubut,129,825.0,220
2020,3,Córdoba,867,55.0,221
2020,3,Corrientes,123,3.0,222
2020,3,Entre Ríos,241,13.0,223
2020,3,Formosa,49,0.0,224
2020,3,Jujuy,107,0.0,225
2020,3,La Pampa,94,116.0,226
2020,3,La Rioja,53,3.0,227
2020,3,Mendoza,207,615.0,228
2020,3,Misiones,143,0.0,229
2020,3,Neuquén,129,373.0,230
2020,3,Río Negro,131,501.0,231
2020,3,Salta,181,2.0,232
2020,3,San Juan,77,256.0,233
2020,3,San Luis,116,148.0,234
2020,3,Santa Cruz,39,197.0,235
2020,3,Santa Fe,803,137.0,236
2020,3,Santiago Del Estero,105,1.0,237
2020,3,Tierra Del Fuego,39,289.0,238
2020,3,Tucumán,224,22.0,239
2020,2,Buenos Aires,4,5.0,240
2020,2,Capital Federal,1,1.0,241
2020,2,Catamarca,48,1.0,242
2020,2,Chaco,128,3.0,243
2020,2,Chubut,108,825.0,244
2020,2,Córdoba,836,55.0,245
2020,2,Corrientes,119,3.0,246
2020,2,Entre Ríos,234,13.0,247
2020,2,Formosa,48,0.0,248
2020,2,Jujuy,94,0.0,249
2020,2,La Pampa,90,116.0,250
2020,2,La Rioja,52,3.0,251
2020,2,Mendoza,201,615.0,252
2020,2,Misiones,140,0.0,253
2020,2,Neuquén,126,373.0,254
2020,2,Río Negro,129,501.0,255
2020,2,Salta,178,2.0,256
2020,2,San Juan,70,256.0,257
2020,2,San Luis,114,148.0,258
2020,2,Santa Cruz,39,197.0,259
2020,2,Santa Fe,778,137.0,260
2020,2,Santiago Del Estero,105,1.0,261
2020,2,Tierra Del Fuego,39,289.0,262
2020,2,Tucumán,217,22.0,263
2020,1,Buenos Aires,4,5.0,264
2020,1,Capital Federal,1,1.0,265
2020,1,Catamarca,40,1.0,266
2020,1,Chaco,120,3.0,267
2020,1,Chubut,96,800.0,268
2020,1,Córdoba,811,55.0,269
2020,1,Corrientes,114,3.0,270
2020,1,Entre Ríos,232,13.0,271
2020,1,Formosa,46,0.0,272
2020,1,Jujuy,92,0.0,273
2020,1,La Pampa,89,116.0,274
2020,1,La Rioja,48,3.0,275
2020,1,Mendoza,183,615.0,276
2020,1,Misiones,134,0.0,277
2020,1,Neuquén,121,373.0,278
2020,1,Río Negro,126,501.0,279
2020,1,Salta,170,2.0,280
2020,1,San Juan,64,256.0,281
2020,1,San Luis,110,148.0,282
2020,1,Santa Cruz,39,197.0,283
2020,1,Santa Fe,771,137.0,284
2020,1,Santiago Del Estero,103,1.0,285
2020,1,Tierra Del Fuego,39,289.0,286
2020,1,Tucumán,200,22.0,287
2019,4,Buenos Aires,4,5.0,288
2019,4,Capital Federal,1,1.0,289
2019,4,Catamarca,38,1.0,290
2019,4,Chaco,118,3.0,291
2019,4,Chubut,95,810.0,292
2019,4,Córdoba,807,55.0,293
2019,4,Corrientes,114,3.0,294
2019,4,Entre Ríos,239,13.0,295
2019,4,Formosa,47,0.0,296
2019,4,Jujuy,89,0.0,297
2019,4,La Pampa,90,119.0,298
2019,4,La Rioja,49,3.0,299
2019,4,Mendoza,185,623.0,300
2019,4,Misiones,136,0.0,301
2019,4,Neuquén,116,376.0,302
2019,4,Río Negro,127,504.0,303
2019,4,Salta,172,2.0,304
2019,4,San Juan,65,259.0,305
2019,4,San Luis,108,148.0,306
2019,4,Santa Cruz,39,200.0,307
2019,4,Santa Fe,769,150.0,308
2019,4,Santiago Del Estero,104,1.0,309
2019,4,Tierra Del Fuego,40,291.0,310
2019,4,Tucumán,199,23.0,311
2019,3,Buenos Aires,4,10.0,312
2019,3,Capital Federal,1,3.0,313
2019,3,Catamarca,32,9.0,314
2019,3,Chaco,114,13.0,315
2019,3,Chubut,87,2.0,316
2019,3,Córdoba,783,107.0,317
2019,3,Corrientes,113,10.0,318
2019,3,Entre Ríos,238,45.0,319
2019,3,Formosa,46,0.0,320
2019,3,Jujuy,87,1.0,321
2019,3,La Pampa,91,269.0,322
2019,3,La Rioja,50,18.0,323
2019,3,Mendoza,223,1.0,324
2019,3,Misiones,134,0.0,325
2019,3,Neuquén,123,2.0,326
2019,3,Río Negro,143,904.0,327
2019,3,Salta,152,1.0,328
2019,3,San Juan,73,563.0,329
2019,3,San Luis,122,291.0,330
2019,3,Santa Cruz,38,328.0,331
2019,3,Santa Fe,761,228.0,332
2019,3,Santiago Del Estero,133,2.0,333
2019,3,Tierra Del Fuego,48,544.0,334
2019,3,Tucumán,164,32.0,335
2019,2,Buenos Aires,4,10.0,336
2019,2,Capital Federal,1,3.0,337
2019,2,Catamarca,34,9.0,338
2019,2,Chaco,109,13.0,339
2019,2,Chubut,86,2.0,340
2019,2,Córdoba,775,105.0,341
2019,2,Corrientes,112,10.0,342
2019,2,Entre Ríos,236,44.0,343
2019,2,Formosa,46,0.0,344
2019,2,Jujuy,87,1.0,345
2019,2,La Pampa,90,268.0,346
2019,2,La Rioja,50,18.0,347
2019,2,Mendoza,223,1.0,348
2019,2,Misiones,133,0.0,349
2019,2,Neuquén,121,2.0,350
2019,2,Río Negro,138,915.0,351
2019,2,Salta,143,1.0,352
2019,2,San Juan,69,564.0,353
2019,2,San Luis,117,291.0,354
2019,2,Santa Cruz,30,325.0,355
2019,2,Santa Fe,743,226.0,356
2019,2,Santiago Del Estero,127,2.0,357
2019,2,Tierra Del Fuego,47,544.0,358
2019,2,Tucumán,166,32.0,359
2019,1,Buenos Aires,4,10.0,360
2019,1,Capital Federal,1,3.0,361
2019,1,Catamarca,34,9.0,362
2019,1,Chaco,104,13.0,363
2019,1,Chubut,78,2.0,364
2019,1,Córdoba,744,105.0,365
2019,1,Corrientes,102,10.0,366
2019,1,Entre Ríos,232,44.0,367
2019,1,Formosa,45,0.0,368
2019,1,Jujuy,90,1.0,369
2019,1,La Pampa,89,268.0,370
2019,1,La Rioja,52,18.0,371
2019,1,Mendoza,205,1.0,372
2019,1,Misiones,123,0.0,373
2019,1,Neuquén,112,2.0,374
2019,1,Río Negro,120,915.0,375
2019,1,Salta,136,1.0,376
2019,1,San Juan,62,564.0,377
2019,1,San Luis,96,291.0,378
2019,1,Santa Cruz,25,325.0,379
2019,1,Santa Fe,737,227.0,380
2019,1,Santiago Del Estero,90,2.0,381
2019,1,Tierra Del Fuego,46,544.0,382
2019,1,Tucumán,172,32.0,383
2018,4,Buenos Aires,4,10.0,384
2018,4,Capital Federal,1,3.0,385
2018,4,Catamarca,34,9.0,386
2018,4,Chaco,103,13.0,387
2018,4,Chubut,77,2.0,388
2018,4,Córdoba,737,105.0,389
2018,4,Corrientes,101,10.0,390
2018,4,Entre Ríos,222,44.0,391
2018,4,Formosa,45,0.0,392
2018,4,Jujuy,90,1.0,393
2018,4,La Pampa,85,268.0,394
2018,4,La Rioja,52,18.0,395
2018,4,Mendoza,205,1.0,396
2018,4,Misiones,116,0.0,397
2018,4,Neuquén,112,2.0,398
2018,4,Río Negro,116,915.0,399
2018,4,Salta,135,1.0,400
2018,4,San Juan,62,564.0,401
2018,4,San Luis,96,291.0,402
2018,4,Santa Cruz,24,325.0,403
2018,4,Santa Fe,720,229.0,404
2018,4,Santiago Del Estero,89,2.0,405
2018,4,Tierra Del Fuego,46,544.0,406
2018,4,Tucumán,172,32.0,407
2018,3,Buenos Aires,4,11.0,408
2018,3,Capital Federal,1,7.0,409
2018,3,Catamarca,34,11.0,410
2018,3,Chaco,102,12.0,411
2018,3,Chubut,101,2.0,412
2018,3,Córdoba,726,94.0,413
2018,3,Corrientes,99,11.0,414
2018,3,Entre Ríos,205,48.0,415
2018,3,Formosa,45,0.0,416
2018,3,Jujuy,45,1.0,417
2018,3,La Pampa,83,244.0,418
2018,3,La Rioja,52,17.0,419
2018,3,Mendoza,206,1.0,420
2018,3,Misiones,108,0.0,421
2018,3,Neuquén,115,2.0,422
2018,3,Río Negro,112,1.0,423
2018,3,Salta,133,1.0,424
2018,3,San Juan,64,658.0,425
2018,3,San Luis,74,300.0,426
2018,3,Santa Cruz,34,434.0,427
2018,3,Santa Fe,695,217.0,428
2018,3,Santiago Del Estero,86,2.0,429
2018,3,Tierra Del Fuego,45,508.0,430
2018,3,Tucumán,171,31.0,431
2018,2,Buenos Aires,3,11.0,432
2018,2,Capital Federal,1,7.0,433
2018,2,Catamarca,34,11.0,434
2018,2,Chaco,99,12.0,435
2018,2,Chubut,98,2.0,436
2018,2,Córdoba,713,94.0,437
2018,2,Corrientes,98,11.0,438
2018,2,Entre Ríos,200,48.0,439
2018,2,Formosa,45,0.0,440
2018,2,Jujuy,45,1.0,441
2018,2,La Pampa,82,244.0,442
2018,2,La Rioja,52,17.0,443
2018,2,Mendoza,199,1.0,444
2018,2,Misiones,106,0.0,445
2018,2,Neuquén,114,2.0,446
2018,2,Río Negro,111,1.0,447
2018,2,Salta,134,1.0,448
2018,2,San Juan,63,658.0,449
2018,2,San Luis,21,300.0,450
2018,2,Santa Cruz,34,435.0,451
2018,2,Santa Fe,684,309.0,452
2018,2,Santiago Del Estero,84,2.0,453
2018,2,Tierra Del Fuego,44,508.0,454
2018,2,Tucumán,170,31.0,455
2018,1,Buenos Aires,3,11.0,456
2018,1,Capital Federal,1,7.0,457
2018,1,Catamarca,34,11.0,458
2018,1,Chaco,97,12.0,459
2018,1,Chubut,96,2.0,460
2018,1,Córdoba,714,101.0,461
2018,1,Corrientes,94,11.0,462
2018,1,Entre Ríos,197,48.0,463
2018,1,Formosa,32,0.0,464
2018,1,Jujuy,44,1.0,465
2018,1,La Pampa,83,396.0,466
2018,1,La Rioja,52,17.0,467
2018,1,Mendoza,199,1.0,468
2018,1,Misiones,104,0.0,469
2018,1,Neuquén,116,2.0,470
2018,1,Río Negro,110,1.0,471
2018,1,Salta,133,1.0,472
2018,1,San Juan,63,658.0,473
2018,1,San Luis,21,300.0,474
2018,1,Santa Cruz,34,435.0,475
2018,1,Santa Fe,680,309.0,476
2018,1,Santiago Del Estero,83,2.0,477
2018,1,Tierra Del Fuego,31,508.0,478
2018,1,Tucumán,168,31.0,479
2017,4,Buenos Aires,3,11.0,480
2017,4,Capital Federal,2,7.0,481
2017,4,Catamarca,30,10.0,482
2017,4,Chaco,97,12.0,483
2017,4,Chubut,91,2.0,484
2017,4,Córdoba,710,105.0,485
2017,4,Corrientes,94,11.0,486
2017,4,Entre Ríos,194,49.0,487
2017,4,Formosa,32,0.0,488
2017,4,Jujuy,44,1.0,489
2017,4,La Pampa,82,396.0,490
2017,4,La Rioja,52,17.0,491
2017,4,Mendoza,179,1.0,492
2017,4,Misiones,104,0.0,493
2017,4,Neuquén,115,2.0,494
2017,4,Río Negro,109,1.0,495
2017,4,Salta,133,1.0,496
2017,4,San Juan,58,659.0,497
2017,4,San Luis,15,300.0,498
2017,4,Santa Cruz,29,434.0,499
2017,4,Santa Fe,672,323.0,500
2017,4,Santiago Del Estero,69,2.0,501
2017,4,Tierra Del Fuego,28,508.0,502
2017,4,Tucumán,162,34.0,503
2017,3,Buenos Aires,3,11.0,504
2017,3,Capital Federal,2,7.0,505
2017,3,Catamarca,33,11.0,506
2017,3,Chaco,94,12.0,507
2017,3,Chubut,81,2.0,508
2017,3,Córdoba,697,108.0,509
2017,3,Corrientes,93,12.0,510
2017,3,Entre Ríos,185,50.0,511
2017,3,Formosa,32,0.0,512
2017,3,Jujuy,43,1.0,513
2017,3,La Pampa,79,410.0,514
2017,3,La Rioja,52,17.0,515
2017,3,Mendoza,191,2.0,516
2017,3,Misiones,100,0.0,517
2017,3,Neuquén,114,2.0,518
2017,3,Río Negro,106,1.0,519
2017,3,Salta,133,1.0,520
2017,3,San Juan,62,660.0,521
2017,3,San Luis,21,311.0,522
2017,3,Santa Cruz,33,468.0,523
2017,3,Santa Fe,662,256.0,524
2017,3,Santiago Del Estero,83,2.0,525
2017,3,Tierra Del Fuego,31,583.0,526
2017,3,Tucumán,161,33.0,527
2017,2,Buenos Aires,3,11.0,528
2017,2,Capital Federal,2,8.0,529
2017,2,Catamarca,27,13.0,530
2017,2,Chaco,91,14.0,531
2017,2,Chubut,62,2.0,532
2017,2,Córdoba,658,133.0,533
2017,2,Corrientes,90,12.0,534
2017,2,Entre Ríos,183,57.0,535
2017,2,Formosa,30,0.0,536
2017,2,Jujuy,43,1.0,537
2017,2,La Pampa,73,449.0,538
2017,2,La Rioja,16,18.0,539
2017,2,Mendoza,169,1.0,540
2017,2,Misiones,100,0.0,541
2017,2,Neuquén,115,2.0,542
2017,2,Río Negro,101,998.0,543
2017,2,Salta,109,1.0,544
2017,2,San Juan,51,620.0,545
2017,2,San Luis,13,315.0,546
2017,2,Santa Cruz,26,369.0,547
2017,2,Santa Fe,567,362.0,548
2017,2,Santiago Del Estero,33,2.0,549
2017,2,Tierra Del Fuego,32,619.0,550
2017,2,Tucumán,154,37.0,551
2017,1,Buenos Aires,3,11.0,552
2017,1,Capital Federal,1,8.0,553
2017,1,Catamarca,26,13.0,554
2017,1,Chaco,89,14.0,555
2017,1,Chubut,62,2.0,556
2017,1,Córdoba,641,133.0,557
2017,1,Corrientes,89,12.0,558
2017,1,Entre Ríos,180,57.0,559
2017,1,Formosa,30,0.0,560
2017,1,Jujuy,43,1.0,561
2017,1,La Pampa,71,455.0,562
2017,1,La Rioja,16,18.0,563
2017,1,Mendoza,169,1.0,564
2017,1,Misiones,98,0.0,565
2017,1,Neuquén,113,2.0,566
2017,1,Río Negro,100,1.0,567
2017,1,Salta,108,1.0,568
2017,1,San Juan,51,620.0,569
2017,1,San Luis,13,315.0,570
2017,1,Santa Cruz,26,370.0,571
2017,1,Santa Fe,563,362.0,572
2017,1,Santiago Del Estero,34,2.0,573
2017,1,Tierra Del Fuego,32,619.0,574
2017,1,Tucumán,153,37.0,575
2016,4,Buenos Aires,3,11.0,576
2016,4,Capital Federal,1,8.0,577
2016,4,Catamarca,27,13.0,578
2016,4,Chaco,89,14.0,579
2016,4,Chubut,62,2.0,580
2016,4,Córdoba,636,133.0,581
2016,4,Corrientes,88,12.0,582
2016,4,Entre Ríos,180,57.0,583
2016,4,Formosa,30,0.0,584
2016,4,Jujuy,43,1.0,585
2016,4,La Pampa,71,460.0,586
2016,4,La Rioja,16,18.0,587
2016,4,Mendoza,169,1.0,588
2016,4,Misiones,97,0.0,589
2016,4,Neuquén,112,2.0,590
2016,4,Río Negro,100,1.0,591
2016,4,Salta,107,1.0,592
2016,4,San Juan,51,620.0,593
2016,4,San Luis,13,315.0,594
2016,4,Santa Cruz,26,370.0,595
2016,4,Santa Fe,561,362.0,596
2016,4,Santiago Del Estero,35,2.0,597
2016,4,Tierra Del Fuego,32,619.0,598
2016,4,Tucumán,152,37.0,599
2016,3,Buenos Aires,3,11.0,600
2016,3,Capital Federal,1,8.0,601
2016,3,Catamarca,27,13.0,602
2016,3,Chaco,89,14.0,603
2016,3,Chubut,62,2.0,604
2016,3,Córdoba,642,133.0,605
2016,3,Corrientes,88,12.0,606
2016,3,Entre Ríos,181,57.0,607
2016,3,Formosa,28,0.0,608
2016,3,Jujuy,43,1.0,609
2016,3,La Pampa,70,461.0,610
2016,3,La Rioja,17,18.0,611
2016,3,Mendoza,169,1.0,612
2016,3,Misiones,98,0.0,613
2016,3,Neuquén,110,2.0,614
2016,3,Río Negro,100,1.0,615
2016,3,Salta,108,1.0,616
2016,3,San Juan,51,620.0,617
2016,3,San Luis,13,315.0,618
2016,3,Santa Cruz,26,371.0,619
2016,3,Santa Fe,567,386.0,620
2016,3,Santiago Del Estero,36,2.0,621
2016,3,Tierra Del Fuego,31,619.0,622
2016,3,Tucumán,151,37.0,623
2016,2,Buenos Aires,3,13.0,624
2016,2,Capital Federal,1,10.0,625
2016,2,Catamarca,27,13.0,626
2016,2,Chaco,88,16.0,627
2016,2,Chubut,62,2.0,628
2016,2,Córdoba,635,234.0,629
2016,2,Corrientes,87,24.0,630
2016,2,Entre Ríos,178,179.0,631
2016,2,Formosa,29,1.0,632
2016,2,Jujuy,41,2.0,633
2016,2,La Pampa,68,485.0,634
2016,2,La Rioja,17,18.0,635
2016,2,Mendoza,169,2.0,636
2016,2,Misiones,96,7.0,637
2016,2,Neuquén,108,2.0,638
2016,2,Río Negro,100,1.0,639
2016,2,Salta,105,3.0,640
2016,2,San Juan,51,621.0,641
2016,2,San Luis,13,317.0,642
2016,2,Santa Cruz,26,356.0,643
2016,2,Santa Fe,564,607.0,644
2016,2,Santiago Del Estero,37,3.0,645
2016,2,Tierra Del Fuego,31,619.0,646
2016,2,Tucumán,149,41.0,647
2016,1,Buenos Aires,3,13.0,648
2016,1,Capital Federal,1,10.0,649
2016,1,Catamarca,26,13.0,650
2016,1,Chaco,87,16.0,651
2016,1,Chubut,62,2.0,652
2016,1,Córdoba,610,234.0,653
2016,1,Corrientes,86,26.0,654
2016,1,Entre Ríos,175,179.0,655
2016,1,Formosa,28,1.0,656
2016,1,Jujuy,40,2.0,657
2016,1,La Pampa,65,487.0,658
2016,1,La Rioja,17,18.0,659
2016,1,Mendoza,169,2.0,660
2016,1,Misiones,93,7.0,661
2016,1,Neuquén,102,2.0,662
2016,1,Río Negro,99,1.0,663
2016,1,Salta,102,3.0,664
2016,1,San Juan,51,621.0,665
2016,1,San Luis,13,317.0,666
2016,1,Santa Cruz,26,356.0,667
2016,1,Santa Fe,551,618.0,668
2016,1,Santiago Del Estero,38,3.0,669
2016,1,Tierra Del Fuego,30,619.0,670
2016,1,Tucumán,147,41.0,671
2015,4,Buenos Aires,3,13.0,672
2015,4,Capital Federal,1,10.0,673
2015,4,Catamarca,26,13.0,674
2015,4,Chaco,87,16.0,675
2015,4,Chubut,62,2.0,676
2015,4,Córdoba,626,235.0,677
2015,4,Corrientes,85,26.0,678
2015,4,Entre Ríos,174,180.0,679
2015,4,Formosa,28,1.0,680
2015,4,Jujuy,40,2.0,681
2015,4,La Pampa,66,312.0,682
2015,4,La Rioja,17,18.0,683
2015,4,Mendoza,169,2.0,684
2015,4,Misiones,93,7.0,685
2015,4,Neuquén,105,2.0,686
2015,4,Río Negro,99,1.0,687
2015,4,Salta,102,3.0,688
2015,4,San Juan,51,621.0,689
2015,4,San Luis,13,317.0,690
2015,4,Santa Cruz,26,356.0,691
2015,4,Santa Fe,561,627.0,692
2015,4,Santiago Del Estero,39,3.0,693
2015,4,Tierra Del Fuego,29,619.0,694
2015,4,Tucumán,146,42.0,695
2015,3,Buenos Aires,3,13.0,696
2015,3,Capital Federal,1,10.0,697
2015,3,Catamarca,26,13.0,698
2015,3,Chaco,85,16.0,699
2015,3,Chubut,62,2.0,700
2015,3,Córdoba,623,237.0,701
2015,3,Corrientes,85,28.0,702
2015,3,Entre Ríos,172,182.0,703
2015,3,Formosa,28,1.0,704
2015,3,Jujuy,40,2.0,705
2015,3,La Pampa,65,495.0,706
2015,3,La Rioja,17,18.0,707
2015,3,Mendoza,169,2.0,708
2015,3,Misiones,92,7.0,709
2015,3,Neuquén,98,2.0,710
2015,3,Río Negro,99,1.0,711
2015,3,Salta,101,3.0,712
2015,3,San Juan,51,621.0,713
2015,3,San Luis,13,317.0,714
2015,3,Santa Cruz,26,359.0,715
2015,3,Santa Fe,556,641.0,716
2015,3,Santiago Del Estero,39,3.0,717
2015,3,Tierra Del Fuego,33,619.0,718
2015,3,Tucumán,144,42.0,719
2015,2,Buenos Aires,3,13.0,720
2015,2,Capital Federal,1,10.0,721
2015,2,Catamarca,26,13.0,722
2015,2,Chaco,84,16.0,723
2015,2,Chubut,62,2.0,724
2015,2,Córdoba,610,236.0,725
2015,2,Corrientes,83,28.0,726
2015,2,Entre Ríos,169,183.0,727
2015,2,Formosa,27,37.0,728
2015,2,Jujuy,38,2.0,729
2015,2,La Pampa,64,500.0,730
2015,2,La Rioja,16,18.0,731
2015,2,Mendoza,169,2.0,732
2015,2,Misiones,89,7.0,733
2015,2,Neuquén,96,2.0,734
2015,2,Río Negro,98,1.0,735
2015,2,Salta,98,3.0,736
2015,2,San Juan,51,621.0,737
2015,2,San Luis,13,317.0,738
2015,2,Santa Cruz,25,379.0,739
2015,2,Santa Fe,546,649.0,740
2015,2,Santiago Del Estero,39,3.0,741
2015,2,Tierra Del Fuego,33,619.0,742
2015,2,Tucumán,141,42.0,743
2015,1,Buenos Aires,3,15.0,744
2015,1,Capital Federal,1,12.0,745
2015,1,Catamarca,25,20.0,746
2015,1,Chaco,81,31.0,747
2015,1,Chubut,63,2.0,748
2015,1,Córdoba,597,294.0,749
2015,1,Corrientes,81,43.0,750
2015,1,Entre Ríos,166,231.0,751
2015,1,Formosa,27,43.0,752
2015,1,Jujuy,37,3.0,753
2015,1,La Pampa,62,542.0,754
2015,1,La Rioja,16,23.0,755
2015,1,Mendoza,168,2.0,756
2015,1,Misiones,85,7.0,757
2015,1,Neuquén,93,2.0,758
2015,1,Río Negro,96,1.0,759
2015,1,Salta,97,18.0,760
2015,1,San Juan,51,702.0,761
2015,1,San Luis,13,354.0,762
2015,1,Santa Cruz,26,424.0,763
2015,1,Santa Fe,536,797.0,764
2015,1,Santiago Del Estero,39,8.0,765
2015,1,Tierra Del Fuego,33,730.0,766
2015,1,Tucumán,138,92.0,767
2014,4,Buenos Aires,3,15.0,768
2014,4,Capital Federal,1,12.0,769
2014,4,Catamarca,25,21.0,770
2014,4,Chaco,66,37.0,771
2014,4,Chubut,67,2.0,772
2014,4,Córdoba,590,319.0,773
2014,4,Corrientes,66,54.0,774
2014,4,Entre Ríos,141,246.0,775
2014,4,Formosa,26,51.0,776
2014,4,Jujuy,36,3.0,777
2014,4,La Pampa,57,567.0,778
2014,4,La Rioja,16,23.0,779
2014,4,Mendoza,168,2.0,780
2014,4,Misiones,77,7.0,781
2014,4,Neuquén,93,2.0,782
2014,4,Río Negro,95,1.0,783
2014,4,Salta,94,26.0,784
2014,4,San Juan,51,729.0,785
2014,4,San Luis,13,359.0,786
2014,4,Santa Cruz,25,436.0,787
2014,4,Santa Fe,528,938.0,788
2014,4,Santiago Del Estero,39,9.0,789
2014,4,Tierra Del Fuego,28,741.0,790
2014,4,Tucumán,137,95.0,791
2014,3,Buenos Aires,3,14.0,792
2014,3,Capital Federal,1,11.0,793
2014,3,Catamarca,25,21.0,794
2014,3,Chaco,64,36.0,795
2014,3,Chubut,67,2.0,796
2014,3,Córdoba,585,200.0,797
2014,3,Corrientes,64,33.0,798
2014,3,Entre Ríos,137,115.0,799
2014,3,Formosa,26,64.0,800
2014,3,Jujuy,34,2.0,801
2014,3,La Pampa,62,564.0,802
2014,3,La Rioja,16,23.0,803
2014,3,Mendoza,166,2.0,804
2014,3,Misiones,75,0.0,805
2014,3,Neuquén,100,2.0,806
2014,3,Río Negro,97,1.0,807
2014,3,Salta,93,25.0,808
2014,3,San Juan,51,748.0,809
2014,3,San Luis,13,363.0,810
2014,3,Santa Cruz,26,446.0,811
2014,3,Santa Fe,520,691.0,812
2014,3,Santiago Del Estero,38,9.0,813
2014,3,Tierra Del Fuego,28,755.0,814
2014,3,Tucumán,132,88.0,815
2014,2,Buenos Aires,3,14.0,816
2014,2,Capital Federal,1,11.0,817
2014,2,Catamarca,25,23.0,818
2014,2,Chaco,63,36.0,819
2014,2,Chubut,69,2.0,820
2014,2,Córdoba,577,205.0,821
2014,2,Corrientes,63,33.0,822
2014,2,Entre Ríos,135,115.0,823
2014,2,Formosa,26,65.0,824
2014,2,Jujuy,34,2.0,825
2014,2,La Pampa,55,580.0,826
2014,2,La Rioja,16,23.0,827
2014,2,Mendoza,165,2.0,828
2014,2,Misiones,75,0.0,829
2014,2,Neuquén,90,2.0,830
2014,2,Río Negro,95,1.0,831
2014,2,Salta,92,25.0,832
2014,2,San Juan,51,755.0,833
2014,2,San Luis,13,364.0,834
2014,2,Santa Cruz,27,459.0,835
2014,2,Santa Fe,512,605.0,836
2014,2,Santiago Del Estero,38,9.0,837
2014,2,Tierra Del Fuego,27,766.0,838
2014,2,Tucumán,132,88.0,839
2014,1,Buenos Aires,3,14.0,840
2014,1,Capital Federal,1,11.0,841
2014,1,Catamarca,24,23.0,842
2014,1,Chaco,63,36.0,843
2014,1,Chubut,68,2.0,844
2014,1,Córdoba,567,205.0,845
2014,1,Corrientes,62,33.0,846
2014,1,Entre Ríos,134,115.0,847
2014,1,Formosa,25,87.0,848
2014,1,Jujuy,34,2.0,849
2014,1,La Pampa,54,592.0,850
2014,1,La Rioja,16,23.0,851
2014,1,Mendoza,164,2.0,852
2014,1,Misiones,74,0.0,853
2014,1,Neuquén,88,2.0,854
2014,1,Río Negro,94,1.0,855
2014,1,Salta,91,25.0,856
2014,1,San Juan,51,755.0,857
2014,1,San Luis,12,364.0,858
2014,1,Santa Cruz,26,460.0,859
2014,1,Santa Fe,506,612.0,860
2014,1,Santiago Del Estero,37,9.0,861
2014,1,Tierra Del Fuego,27,766.0,862
2014,1,Tucumán,130,88.0,863
